{
    "_id": "61e8666b010a37023e3d99a3",
    "users": {
        "enabled": true,
        "scope": "scene",
        "registration": "closed"
    },
    "ecommerce": {
        "enabled": false
    },
    "counts": {
        "total_entries": 0,
        "asset_count": 0,
        "asset_size": 0
    },
    "field_count": 31,
    "thumb_count": 0,
    "object_count": 5,
    "task_count": 0,
    "view_count": 10,
    "scene_count": 9,
    "credential_count": 0,
    "status": "active",
    "settings": {
        "geo": false,
        "timezone": "Eastern Time (US & Canada)",
        "timezone_offset": "-18000",
        "timezone_dst": "3600",
        "cluster": "us-east",
        "powered_by_link": false,
        "new_count": true,
        "registration_migration_status": "completed",
        "https_redirect": true,
        "should_purge_record_history": false,
        "support_access": true,
        "use_multiple_api_subdomains": false,
        "scriptProtectionEnabled": true,
        "embed_login_method": "cookies",
        "ignoreBilling": false,
        "v3_beta": false,
        "v3_open_beta": true,
        "mongo": "devenv",
        "solr": "devenv"
    },
    "tasks": [],
    "payment_processors": [],
    "design": {
        "general": {
            "theme": "kn-beta",
            "font": "Default (Roboto)",
            "links": {
                "color": "#43a1c6"
            },
            "buttons": {
                "color": "#ffffff",
                "bg_color": "#00396D"
            },
            "tables": {
                "style": "clean",
                "dividers": true,
                "striped": true,
                "hover": false,
                "spacing": "m"
            }
        },
        "regions": {
            "body": {
                "full_width": false
            },
            "header": {
                "bg_color": "#023F74",
                "menu": {
                    "show": true,
                    "user_auth_based": false,
                    "format": "buttons",
                    "color": "#ffffff",
                    "outline_or_fill_color": "#2f96b4"
                },
                "title": {
                    "color": "#ffffff",
                    "show_logo": false
                }
            }
        },
        "components": {
            "notifications": {
                "color": "#ffffff",
                "bg_color": "#2f96b4"
            }
        }
    },
    "layout": {
        "entry_scene_menu": true,
        "app_menu_auth": true,
        "theme": "kn-beta"
    },
    "copying": false,
    "feature_flags": [
        false
    ],
    "name": "New App",
    "slug": "new-app",
    "distributions": [],
    "versions": [
        {
            "_id": "61e8666b010a37023e3d99a4",
            "status": "live",
            "objects": [
                {
                    "inflections": {
                        "singular": "Product",
                        "plural": "Products"
                    },
                    "connections": {
                        "inbound": [],
                        "outbound": []
                    },
                    "user": false,
                    "status": "current",
                    "tasks": [],
                    "type": "StandardObject",
                    "_id": "61e869d51137bc002545fedc",
                    "name": "Products",
                    "fields": [
                        {
                            "type": "short_text",
                            "required": true,
                            "unique": false,
                            "user": false,
                            "conditional": false,
                            "rules": [],
                            "validation": [],
                            "_id": "61e869d51137bc002545fede",
                            "key": "field_1",
                            "name": "Products Name"
                        },
                        {
                            "type": "auto_increment",
                            "required": false,
                            "unique": false,
                            "user": false,
                            "conditional": false,
                            "rules": [],
                            "validation": [],
                            "_id": "61e869d51137bc002545fedf",
                            "name": "Product ID",
                            "key": "field_2"
                        },
                        {
                            "type": "image",
                            "required": false,
                            "unique": false,
                            "user": false,
                            "conditional": false,
                            "rules": [],
                            "validation": [],
                            "_id": "61e869d51137bc002545fee0",
                            "name": "Image",
                            "format": {
                                "source": "upload",
                                "thumbs": []
                            },
                            "key": "field_3"
                        },
                        {
                            "type": "paragraph_text",
                            "required": false,
                            "unique": false,
                            "user": false,
                            "conditional": false,
                            "rules": [],
                            "validation": [],
                            "_id": "61e869d51137bc002545fee1",
                            "name": "Description",
                            "key": "field_4"
                        },
                        {
                            "type": "paragraph_text",
                            "required": false,
                            "unique": false,
                            "user": false,
                            "conditional": false,
                            "rules": [],
                            "validation": [],
                            "_id": "61e869d51137bc002545fee2",
                            "name": "Description",
                            "key": "field_4"
                        },
                        {
                            "type": "currency",
                            "required": false,
                            "unique": false,
                            "user": false,
                            "conditional": false,
                            "rules": [],
                            "validation": [],
                            "_id": "61e869d51137bc002545fee3",
                            "name": "Price",
                            "format": {
                                "format": "$"
                            },
                            "key": "field_5"
                        },
                        {
                            "type": "boolean",
                            "required": false,
                            "unique": false,
                            "user": false,
                            "conditional": false,
                            "rules": [],
                            "validation": [],
                            "_id": "61e869d51137bc002545fee4",
                            "name": "Available",
                            "format": {
                                "default": false,
                                "format": "yes_no",
                                "input": "dropdown",
                                "required": false
                            },
                            "default": false,
                            "key": "field_6"
                        }
                    ],
                    "template": "product",
                    "key": "object_1",
                    "identifier": "field_1"
                },
                {
                    "inflections": {
                        "singular": "Account",
                        "plural": "Accounts"
                    },
                    "connections": {
                        "inbound": [],
                        "outbound": []
                    },
                    "name": "Accounts",
                    "user": true,
                    "status": "current",
                    "tasks": [],
                    "type": "UserObject",
                    "_id": "61e869e11137bc002545fee5",
                    "profile_key": "all_users",
                    "fields": [
                        {
                            "type": "name",
                            "required": true,
                            "unique": false,
                            "user": true,
                            "conditional": false,
                            "rules": [],
                            "validation": [],
                            "_id": "61e869e11137bc002545fee7",
                            "name": "Name",
                            "format": {
                                "format": "First Last"
                            },
                            "immutable": true,
                            "key": "field_7"
                        },
                        {
                            "type": "email",
                            "required": true,
                            "unique": true,
                            "user": true,
                            "conditional": false,
                            "rules": [],
                            "validation": [],
                            "_id": "61e869e11137bc002545fee8",
                            "name": "Email",
                            "format": {
                                "text_format": "url",
                                "label": ""
                            },
                            "immutable": true,
                            "key": "field_8"
                        },
                        {
                            "type": "password",
                            "required": true,
                            "unique": true,
                            "user": true,
                            "conditional": false,
                            "rules": [],
                            "validation": [],
                            "_id": "61e869e11137bc002545fee9",
                            "name": "Password",
                            "format": null,
                            "immutable": true,
                            "key": "field_9"
                        },
                        {
                            "type": "multiple_choice",
                            "required": true,
                            "unique": false,
                            "user": true,
                            "conditional": false,
                            "rules": [],
                            "validation": [],
                            "_id": "61e869e11137bc002545feea",
                            "name": "User Status",
                            "format": {
                                "options": [
                                    "active",
                                    "inactive",
                                    "pending approval"
                                ],
                                "default": "active"
                            },
                            "immutable": true,
                            "key": "field_10"
                        },
                        {
                            "type": "user_roles",
                            "required": false,
                            "unique": false,
                            "user": true,
                            "conditional": false,
                            "rules": [],
                            "validation": [],
                            "_id": "61e869e11137bc002545feeb",
                            "name": "User Roles",
                            "immutable": true,
                            "key": "field_11"
                        }
                    ],
                    "key": "object_2",
                    "identifier": "field_7"
                },
                {
                    "inflections": {
                        "singular": "Manager",
                        "plural": "Managers"
                    },
                    "connections": {
                        "inbound": [],
                        "outbound": []
                    },
                    "name": "Managers",
                    "user": true,
                    "status": "current",
                    "tasks": [],
                    "type": "UserObject",
                    "_id": "61e86a121137bc002545fef0",
                    "fields": [
                        {
                            "type": "name",
                            "required": true,
                            "unique": false,
                            "user": true,
                            "conditional": false,
                            "rules": [],
                            "validation": [],
                            "_id": "61e86a121137bc002545fef2",
                            "name": "Name",
                            "format": {
                                "format": "First Last"
                            },
                            "immutable": true,
                            "key": "field_12"
                        },
                        {
                            "type": "email",
                            "required": true,
                            "unique": true,
                            "user": true,
                            "conditional": false,
                            "rules": [],
                            "validation": [],
                            "_id": "61e86a121137bc002545fef3",
                            "name": "Email",
                            "format": {
                                "text_format": "url",
                                "label": ""
                            },
                            "immutable": true,
                            "key": "field_13"
                        },
                        {
                            "type": "password",
                            "required": true,
                            "unique": true,
                            "user": true,
                            "conditional": false,
                            "rules": [],
                            "validation": [],
                            "_id": "61e86a121137bc002545fef4",
                            "name": "Password",
                            "format": null,
                            "immutable": true,
                            "key": "field_14"
                        },
                        {
                            "type": "multiple_choice",
                            "required": true,
                            "unique": false,
                            "user": true,
                            "conditional": false,
                            "rules": [],
                            "validation": [],
                            "_id": "61e86a121137bc002545fef5",
                            "name": "User Status",
                            "format": {
                                "options": [
                                    "active",
                                    "inactive",
                                    "pending approval"
                                ],
                                "default": "active"
                            },
                            "immutable": true,
                            "key": "field_15"
                        },
                        {
                            "type": "user_roles",
                            "required": false,
                            "unique": false,
                            "user": true,
                            "conditional": false,
                            "rules": [],
                            "validation": [],
                            "_id": "61e86a121137bc002545fef6",
                            "name": "User Roles",
                            "immutable": true,
                            "key": "field_16"
                        }
                    ],
                    "template": "",
                    "key": "object_3",
                    "profile_key": "profile_3",
                    "identifier": "field_12"
                },
                {
                    "inflections": {
                        "singular": "Employee",
                        "plural": "Employees"
                    },
                    "connections": {
                        "inbound": [],
                        "outbound": []
                    },
                    "name": "Employees",
                    "user": true,
                    "status": "current",
                    "tasks": [],
                    "type": "UserObject",
                    "_id": "61e86a181137bc002545fef8",
                    "fields": [
                        {
                            "type": "name",
                            "required": true,
                            "unique": false,
                            "user": true,
                            "conditional": false,
                            "rules": [],
                            "validation": [],
                            "_id": "61e86a181137bc002545fefa",
                            "name": "Name",
                            "format": {
                                "format": "First Last"
                            },
                            "immutable": true,
                            "key": "field_17"
                        },
                        {
                            "type": "email",
                            "required": true,
                            "unique": true,
                            "user": true,
                            "conditional": false,
                            "rules": [],
                            "validation": [],
                            "_id": "61e86a181137bc002545fefb",
                            "name": "Email",
                            "format": {
                                "text_format": "url",
                                "label": ""
                            },
                            "immutable": true,
                            "key": "field_18"
                        },
                        {
                            "type": "password",
                            "required": true,
                            "unique": true,
                            "user": true,
                            "conditional": false,
                            "rules": [],
                            "validation": [],
                            "_id": "61e86a181137bc002545fefc",
                            "name": "Password",
                            "format": null,
                            "immutable": true,
                            "key": "field_19"
                        },
                        {
                            "type": "multiple_choice",
                            "required": true,
                            "unique": false,
                            "user": true,
                            "conditional": false,
                            "rules": [],
                            "validation": [],
                            "_id": "61e86a181137bc002545fefd",
                            "name": "User Status",
                            "format": {
                                "options": [
                                    "active",
                                    "inactive",
                                    "pending approval"
                                ],
                                "default": "active"
                            },
                            "immutable": true,
                            "key": "field_20"
                        },
                        {
                            "type": "user_roles",
                            "required": false,
                            "unique": false,
                            "user": true,
                            "conditional": false,
                            "rules": [],
                            "validation": [],
                            "_id": "61e86a181137bc002545fefe",
                            "name": "User Roles",
                            "immutable": true,
                            "key": "field_21"
                        }
                    ],
                    "template": "",
                    "key": "object_4",
                    "profile_key": "profile_4",
                    "identifier": "field_17"
                },
                {
                    "inflections": {
                        "singular": "Employee",
                        "plural": "Employees"
                    },
                    "connections": {
                        "inbound": [],
                        "outbound": []
                    },
                    "name": "Employees",
                    "user": true,
                    "status": "current",
                    "tasks": [],
                    "type": "UserObject",
                    "_id": "61e86a181137bc002545fef9",
                    "fields": [
                        {
                            "type": "name",
                            "required": true,
                            "unique": false,
                            "user": true,
                            "conditional": false,
                            "rules": [],
                            "validation": [],
                            "_id": "61e86a181137bc002545fefa",
                            "name": "Name",
                            "format": {
                                "format": "First Last"
                            },
                            "immutable": true,
                            "key": "field_17"
                        },
                        {
                            "type": "email",
                            "required": true,
                            "unique": true,
                            "user": true,
                            "conditional": false,
                            "rules": [],
                            "validation": [],
                            "_id": "61e86a181137bc002545fefb",
                            "name": "Email",
                            "format": {
                                "text_format": "url",
                                "label": ""
                            },
                            "immutable": true,
                            "key": "field_18"
                        },
                        {
                            "type": "password",
                            "required": true,
                            "unique": true,
                            "user": true,
                            "conditional": false,
                            "rules": [],
                            "validation": [],
                            "_id": "61e86a181137bc002545fefc",
                            "name": "Password",
                            "format": null,
                            "immutable": true,
                            "key": "field_19"
                        },
                        {
                            "type": "multiple_choice",
                            "required": true,
                            "unique": false,
                            "user": true,
                            "conditional": false,
                            "rules": [],
                            "validation": [],
                            "_id": "61e86a181137bc002545fefd",
                            "name": "User Status",
                            "format": {
                                "options": [
                                    "active",
                                    "inactive",
                                    "pending approval"
                                ],
                                "default": "active"
                            },
                            "immutable": true,
                            "key": "field_20"
                        },
                        {
                            "type": "user_roles",
                            "required": false,
                            "unique": false,
                            "user": true,
                            "conditional": false,
                            "rules": [],
                            "validation": [],
                            "_id": "61e86a181137bc002545fefe",
                            "name": "User Roles",
                            "immutable": true,
                            "key": "field_21"
                        }
                    ],
                    "template": "",
                    "key": "object_4",
                    "profile_key": "profile_4",
                    "identifier": "field_17"
                },
                {
                    "inflections": {
                        "singular": "Order",
                        "plural": "Orders"
                    },
                    "connections": {
                        "inbound": [],
                        "outbound": []
                    },
                    "user": false,
                    "status": "current",
                    "tasks": [],
                    "type": "StandardObject",
                    "_id": "61e86a2c1137bc002545ff00",
                    "name": "Orders",
                    "fields": [
                        {
                            "type": "short_text",
                            "required": true,
                            "unique": false,
                            "user": false,
                            "conditional": false,
                            "rules": [],
                            "validation": [],
                            "_id": "61e86a2c1137bc002545ff02",
                            "key": "field_22",
                            "name": "Orders Name"
                        },
                        {
                            "type": "auto_increment",
                            "required": false,
                            "unique": false,
                            "user": false,
                            "conditional": false,
                            "rules": [],
                            "validation": [],
                            "_id": "61e86a2c1137bc002545ff03",
                            "name": "Order ID",
                            "key": "field_23"
                        },
                        {
                            "type": "multiple_choice",
                            "required": false,
                            "unique": false,
                            "user": false,
                            "conditional": false,
                            "rules": [],
                            "validation": [],
                            "_id": "61e86a2c1137bc002545ff04",
                            "name": "Status",
                            "format": {
                                "blank": "Select...",
                                "default": "kn-blank",
                                "sorting": "alphabetical",
                                "type": "single",
                                "options": [
                                    "New",
                                    "Active",
                                    "Shipped",
                                    "Returned"
                                ]
                            },
                            "key": "field_24"
                        },
                        {
                            "type": "paragraph_text",
                            "required": false,
                            "unique": false,
                            "user": false,
                            "conditional": false,
                            "rules": [],
                            "validation": [],
                            "_id": "61e86a2c1137bc002545ff05",
                            "name": "Description",
                            "key": "field_25"
                        },
                        {
                            "type": "currency",
                            "required": false,
                            "unique": false,
                            "user": false,
                            "conditional": false,
                            "rules": [],
                            "validation": [],
                            "_id": "61e86a2c1137bc002545ff06",
                            "name": "Total",
                            "format": {
                                "format": "$"
                            },
                            "key": "field_26"
                        },
                        {
                            "type": "date_time",
                            "required": false,
                            "unique": false,
                            "user": false,
                            "conditional": false,
                            "rules": [],
                            "validation": [],
                            "_id": "61e86a2c1137bc002545ff07",
                            "name": "Order Date",
                            "format": {
                                "calendar": false,
                                "date_format": "mm/dd/yyyy",
                                "default_time": "none",
                                "default_type": "current",
                                "time_format": "Ignore Time",
                                "time_type": "current"
                            },
                            "key": "field_27"
                        },
                        {
                            "type": "date_time",
                            "required": false,
                            "unique": false,
                            "user": false,
                            "conditional": false,
                            "rules": [],
                            "validation": [],
                            "_id": "61e86a2c1137bc002545ff08",
                            "name": "Ship Date",
                            "format": {
                                "calendar": false,
                                "date_format": "mm/dd/yyyy",
                                "default_time": "none",
                                "default_type": "current",
                                "time_format": "Ignore Time",
                                "time_type": "current"
                            },
                            "key": "field_28"
                        },
                        {
                            "type": "address",
                            "required": false,
                            "unique": false,
                            "user": false,
                            "conditional": false,
                            "rules": [],
                            "validation": [],
                            "_id": "61e86a2c1137bc002545ff09",
                            "name": "Shipping Address",
                            "format": {
                                "enable_autocomplete": false,
                                "format": "US",
                                "input": "address"
                            },
                            "key": "field_29"
                        },
                        {
                            "type": "multiple_choice",
                            "required": false,
                            "unique": false,
                            "user": false,
                            "conditional": false,
                            "rules": [],
                            "validation": [],
                            "_id": "61e86a2c1137bc002545ff0a",
                            "name": "Ship Type",
                            "format": {
                                "blank": "Select...",
                                "default": "kn-blank",
                                "sorting": "alphabetical",
                                "type": "single",
                                "options": [
                                    "Same Day",
                                    "Next Day",
                                    "Standard"
                                ]
                            },
                            "key": "field_30"
                        },
                        {
                            "type": "short_text",
                            "required": false,
                            "unique": false,
                            "user": false,
                            "conditional": false,
                            "rules": [],
                            "validation": [],
                            "_id": "61e86a2c1137bc002545ff0b",
                            "name": "Customer",
                            "key": "field_31"
                        }
                    ],
                    "template": "order",
                    "key": "object_5",
                    "identifier": "field_22"
                }
            ],
            "scenes": [
                {
                    "groups": [
                        {
                            "columns": [
                                {
                                    "keys": [
                                        "view_4"
                                    ],
                                    "width": 100
                                }
                            ]
                        }
                    ],
                    "_id": "61e8666b010a37023e3d99a5",
                    "name": "Home",
                    "slug": "home",
                    "key": "scene_1",
                    "views": [
                        {
                            "columns": [],
                            "links": [
                                {
                                    "name": "Products",
                                    "type": "scene",
                                    "scene": "products"
                                },
                                {
                                    "name": "Orders",
                                    "type": "scene",
                                    "scene": "orders"
                                }
                            ],
                            "inputs": [],
                            "_id": "61e86a5d1137bc002545ff11",
                            "groups": [],
                            "format": "none",
                            "label": "Menu",
                            "name": "Menu",
                            "type": "menu",
                            "title": "",
                            "description": "",
                            "source": {
                                "criteria": {
                                    "match": "all",
                                    "rules": [],
                                    "groups": []
                                },
                                "limit": "",
                                "sort": [],
                                "type": "database"
                            },
                            "key": "view_4"
                        },
                        {
                            "columns": [],
                            "links": [
                                {
                                    "name": "Products",
                                    "type": "scene",
                                    "scene": "products"
                                },
                                {
                                    "name": "Orders",
                                    "type": "scene",
                                    "scene": "orders"
                                }
                            ],
                            "inputs": [],
                            "_id": "61e86a5d1137bc002545ff11",
                            "groups": [],
                            "format": "none",
                            "label": "Menu",
                            "name": "Menu",
                            "type": "menu",
                            "title": "",
                            "description": "",
                            "source": {
                                "criteria": {
                                    "match": "all",
                                    "rules": [],
                                    "groups": []
                                },
                                "limit": "",
                                "sort": [],
                                "type": "database"
                            },
                            "key": "view_4"
                        }
                    ],
                    "parent": "home-login"
                },
                {
                    "groups": [],
                    "_id": "61e86a411137bc002545ff0d",
                    "name": "Home Login",
                    "parent": null,
                    "object": null,
                    "type": "authentication",
                    "views": [
                        {
                            "columns": [],
                            "links": [],
                            "inputs": [],
                            "_id": "61e86a411137bc002545ff0e",
                            "name": "Login Form",
                            "title": "Login",
                            "type": "login",
                            "description": "Enter your email address and password to login.",
                            "limit_profile_access": false,
                            "allowed_profiles": [],
                            "registration_type": "closed",
                            "key": "view_3"
                        }
                    ],
                    "key": "scene_3",
                    "slug": "home-login"
                },
                {
                    "groups": [],
                    "_id": "61e869e11137bc002545feec",
                    "name": "Account Settings",
                    "type": "user",
                    "limit_profile_access": false,
                    "allowed_profiles": [],
                    "views": [
                        {
                            "columns": [],
                            "links": [],
                            "inputs": [],
                            "_id": "61e869e11137bc002545feed",
                            "name": "Account Settings",
                            "type": "form",
                            "source": {
                                "authenticated_user": true,
                                "object": "object_2"
                            },
                            "action": "update",
                            "title": "Account Settings",
                            "description": "",
                            "rules": {
                                "submits": [
                                    {
                                        "is_default": true,
                                        "reload_show": true,
                                        "message": "Your account settings have been updated.",
                                        "action": "message",
                                        "key": "submit_1"
                                    }
                                ]
                            },
                            "groups": [
                                {
                                    "columns": [
                                        {
                                            "inputs": [
                                                {
                                                    "key": "field_7",
                                                    "type": "name",
                                                    "label": "Name",
                                                    "field": {
                                                        "key": "field_7"
                                                    },
                                                    "id": "field_7"
                                                },
                                                {
                                                    "key": "field_8",
                                                    "type": "email",
                                                    "label": "Email",
                                                    "field": {
                                                        "key": "field_8"
                                                    },
                                                    "id": "field_8"
                                                }
                                            ]
                                        }
                                    ]
                                }
                            ],
                            "key": "view_1"
                        },
                        {
                            "columns": [],
                            "links": [],
                            "inputs": [],
                            "_id": "61e869e11137bc002545feee",
                            "name": "Change Password",
                            "type": "form",
                            "source": {
                                "authenticated_user": true,
                                "object": "object_2"
                            },
                            "action": "update",
                            "title": "Change Password",
                            "description": "",
                            "rules": {
                                "submits": [
                                    {
                                        "is_default": true,
                                        "reload_show": true,
                                        "message": "Password successfully changed.",
                                        "action": "message",
                                        "key": "submit_1"
                                    }
                                ]
                            },
                            "groups": [
                                {
                                    "columns": [
                                        {
                                            "inputs": [
                                                {
                                                    "key": "field_9",
                                                    "type": "password",
                                                    "label": "Password",
                                                    "field": {
                                                        "key": "field_9"
                                                    },
                                                    "action_authenticate": true,
                                                    "label_authenticate": "Current Password",
                                                    "action_update": true,
                                                    "label_update": "New Password",
                                                    "id": "field_9"
                                                }
                                            ]
                                        }
                                    ]
                                }
                            ],
                            "key": "view_2"
                        }
                    ],
                    "key": "scene_2",
                    "slug": "account-settings"
                },
                {
                    "groups": [],
                    "_id": "61e86a5d1137bc002545ff12",
                    "name": "Products",
                    "parent": "home",
                    "views": [
                        {
                            "columns": [
                                {
                                    "grouping": false,
                                    "group_sort": "asc",
                                    "ignore_edit": false,
                                    "ignore_summary": false,
                                    "conn_separator": "",
                                    "conn_link": "",
                                    "link_type": "text",
                                    "link_text": "",
                                    "link_field": "",
                                    "icon": {
                                        "icon": "",
                                        "align": "left"
                                    },
                                    "img_gallery": "",
                                    "width": {
                                        "type": "default",
                                        "units": "px",
                                        "amount": "50"
                                    },
                                    "align": "left",
                                    "rules": [],
                                    "field": {
                                        "key": "field_1"
                                    },
                                    "header": "Products Name",
                                    "type": "field"
                                },
                                {
                                    "grouping": false,
                                    "group_sort": "asc",
                                    "ignore_edit": false,
                                    "ignore_summary": false,
                                    "conn_separator": "",
                                    "conn_link": "",
                                    "link_type": "text",
                                    "link_text": "",
                                    "link_field": "",
                                    "icon": {
                                        "icon": "",
                                        "align": "left"
                                    },
                                    "img_gallery": "",
                                    "width": {
                                        "type": "default",
                                        "units": "px",
                                        "amount": "50"
                                    },
                                    "align": "left",
                                    "rules": [],
                                    "field": {
                                        "key": "field_2"
                                    },
                                    "header": "Product ID",
                                    "type": "field"
                                },
                                {
                                    "grouping": false,
                                    "group_sort": "asc",
                                    "ignore_edit": false,
                                    "ignore_summary": false,
                                    "conn_separator": "",
                                    "conn_link": "",
                                    "link_type": "text",
                                    "link_text": "",
                                    "link_field": "",
                                    "icon": {
                                        "icon": "",
                                        "align": "left"
                                    },
                                    "img_gallery": "",
                                    "width": {
                                        "type": "default",
                                        "units": "px",
                                        "amount": "50"
                                    },
                                    "align": "left",
                                    "rules": [],
                                    "field": {
                                        "key": "field_3"
                                    },
                                    "header": "Image",
                                    "type": "field"
                                },
                                {
                                    "grouping": false,
                                    "group_sort": "asc",
                                    "ignore_edit": false,
                                    "ignore_summary": false,
                                    "conn_separator": "",
                                    "conn_link": "",
                                    "link_type": "text",
                                    "link_text": "",
                                    "link_field": "",
                                    "icon": {
                                        "icon": "",
                                        "align": "left"
                                    },
                                    "img_gallery": "",
                                    "width": {
                                        "type": "default",
                                        "units": "px",
                                        "amount": "50"
                                    },
                                    "align": "left",
                                    "rules": [],
                                    "field": {
                                        "key": "field_4"
                                    },
                                    "header": "Description",
                                    "type": "field"
                                },
                                {
                                    "grouping": false,
                                    "group_sort": "asc",
                                    "ignore_edit": false,
                                    "ignore_summary": false,
                                    "conn_separator": "",
                                    "conn_link": "",
                                    "link_type": "text",
                                    "link_text": "",
                                    "link_field": "",
                                    "icon": {
                                        "icon": "",
                                        "align": "left"
                                    },
                                    "img_gallery": "",
                                    "width": {
                                        "type": "default",
                                        "units": "px",
                                        "amount": "50"
                                    },
                                    "align": "left",
                                    "rules": [],
                                    "field": {
                                        "key": "field_5"
                                    },
                                    "header": "Price",
                                    "type": "field"
                                },
                                {
                                    "grouping": false,
                                    "group_sort": "asc",
                                    "ignore_edit": false,
                                    "ignore_summary": false,
                                    "conn_separator": "",
                                    "conn_link": "",
                                    "link_type": "text",
                                    "link_text": "",
                                    "link_field": "",
                                    "icon": {
                                        "icon": "",
                                        "align": "left"
                                    },
                                    "img_gallery": "",
                                    "width": {
                                        "type": "default",
                                        "units": "px",
                                        "amount": "50"
                                    },
                                    "align": "left",
                                    "rules": [],
                                    "field": {
                                        "key": "field_6"
                                    },
                                    "header": "Available",
                                    "type": "field"
                                },
                                {
                                    "grouping": false,
                                    "group_sort": "asc",
                                    "ignore_edit": false,
                                    "ignore_summary": false,
                                    "conn_separator": "",
                                    "conn_link": "",
                                    "link_type": "text",
                                    "link_text": "edit",
                                    "link_field": "",
                                    "icon": {
                                        "icon": "",
                                        "align": "left"
                                    },
                                    "img_gallery": "",
                                    "width": {
                                        "type": "default",
                                        "units": "px",
                                        "amount": "50"
                                    },
                                    "align": "left",
                                    "rules": [],
                                    "header": "Edit Product",
                                    "type": "link",
                                    "scene": "edit-product",
                                    "sortable": false
                                },
                                {
                                    "grouping": false,
                                    "group_sort": "asc",
                                    "ignore_edit": false,
                                    "ignore_summary": false,
                                    "conn_separator": "",
                                    "conn_link": "",
                                    "link_type": "text",
                                    "link_text": "view",
                                    "link_field": "",
                                    "icon": {
                                        "icon": "",
                                        "align": "left"
                                    },
                                    "img_gallery": "",
                                    "width": {
                                        "type": "default",
                                        "units": "px",
                                        "amount": "50"
                                    },
                                    "align": "left",
                                    "rules": [],
                                    "header": "Product Details",
                                    "type": "link",
                                    "scene": "product-details",
                                    "sortable": false
                                }
                            ],
                            "links": [],
                            "inputs": [],
                            "_id": "61e86a5d1137bc002545ff13",
                            "groups": [],
                            "no_data_text": "No data",
                            "totals": [],
                            "preset_filters": [],
                            "name": "Products",
                            "type": "table",
                            "source": {
                                "criteria": {
                                    "match": "all",
                                    "rules": [],
                                    "groups": []
                                },
                                "limit": null,
                                "sort": [
                                    {
                                        "field": "field_1",
                                        "order": "asc"
                                    }
                                ],
                                "object": "object_1"
                            },
                            "title": "Products",
                            "description": "",
                            "rows_per_page": "25",
                            "keyword_search": true,
                            "allow_exporting": false,
                            "allow_preset_filters": false,
                            "filter_type": "fields",
                            "menu_filters": [],
                            "filter_fields": "view",
                            "key": "view_5"
                        }
                    ],
                    "key": "scene_4",
                    "slug": "products"
                },
                {
                    "groups": [],
                    "_id": "61e86a5d1137bc002545ff14",
                    "name": "Edit Product",
                    "object": "object_1",
                    "parent": "products",
                    "views": [
                        {
                            "columns": [],
                            "links": [],
                            "inputs": [],
                            "_id": "61e86a5d1137bc002545ff15",
                            "name": "Edit Product",
                            "type": "form",
                            "action": "update",
                            "source": {
                                "object": "object_1"
                            },
                            "title": "Edit Product",
                            "description": "",
                            "alert": "none",
                            "rules": {
                                "submits": [
                                    {
                                        "key": "submit_1",
                                        "action": "message",
                                        "message": "Form successfully submitted.",
                                        "reload_show": true,
                                        "is_default": true
                                    }
                                ]
                            },
                            "groups": [
                                {
                                    "columns": [
                                        {
                                            "inputs": [
                                                {
                                                    "field": {
                                                        "key": "field_1"
                                                    },
                                                    "label": "Products Name",
                                                    "type": "text_field"
                                                },
                                                {
                                                    "field": {
                                                        "key": "field_3"
                                                    },
                                                    "label": "Image",
                                                    "type": "upload"
                                                },
                                                {
                                                    "field": {
                                                        "key": "field_4"
                                                    },
                                                    "label": "Description",
                                                    "type": "text_area"
                                                },
                                                {
                                                    "field": {
                                                        "key": "field_5"
                                                    },
                                                    "label": "Price",
                                                    "type": "text_field"
                                                },
                                                {
                                                    "field": {
                                                        "key": "field_6"
                                                    },
                                                    "label": "Available",
                                                    "type": "boolean"
                                                }
                                            ]
                                        }
                                    ]
                                }
                            ],
                            "key": "view_6"
                        }
                    ],
                    "key": "scene_5",
                    "slug": "edit-product"
                },
                {
                    "groups": [],
                    "_id": "61e86a5d1137bc002545ff16",
                    "name": "Product Details",
                    "object": "object_1",
                    "parent": "products",
                    "views": [
                        {
                            "columns": [
                                {
                                    "groups": [
                                        {
                                            "columns": [
                                                [
                                                    {
                                                        "key": "field_1",
                                                        "name": "Products Name"
                                                    },
                                                    {
                                                        "key": "field_2",
                                                        "name": "Product ID"
                                                    },
                                                    {
                                                        "key": "field_3",
                                                        "name": "Image"
                                                    },
                                                    {
                                                        "key": "field_4",
                                                        "name": "Description"
                                                    },
                                                    {
                                                        "key": "field_5",
                                                        "name": "Price"
                                                    },
                                                    {
                                                        "key": "field_6",
                                                        "name": "Available"
                                                    }
                                                ]
                                            ]
                                        }
                                    ],
                                    "width": 100
                                }
                            ],
                            "links": [],
                            "inputs": [],
                            "_id": "61e86a5d1137bc002545ff17",
                            "name": "Product",
                            "type": "details",
                            "source": {
                                "object": "object_1"
                            },
                            "title": "Product Details",
                            "description": "",
                            "layout": "full",
                            "label_format": "left",
                            "key": "view_7"
                        }
                    ],
                    "key": "scene_6",
                    "slug": "product-details"
                },
                {
                    "groups": [],
                    "_id": "61e86a841137bc002545ff1c",
                    "name": "Orders",
                    "parent": "home",
                    "views": [
                        {
                            "columns": [
                                {
                                    "grouping": false,
                                    "group_sort": "asc",
                                    "ignore_edit": false,
                                    "ignore_summary": false,
                                    "conn_separator": "",
                                    "conn_link": "",
                                    "link_type": "text",
                                    "link_text": "",
                                    "link_field": "",
                                    "icon": {
                                        "icon": "",
                                        "align": "left"
                                    },
                                    "img_gallery": "",
                                    "width": {
                                        "type": "default",
                                        "units": "px",
                                        "amount": "50"
                                    },
                                    "align": "left",
                                    "rules": [],
                                    "field": {
                                        "key": "field_22"
                                    },
                                    "header": "Orders Name",
                                    "type": "field"
                                },
                                {
                                    "grouping": false,
                                    "group_sort": "asc",
                                    "ignore_edit": false,
                                    "ignore_summary": false,
                                    "conn_separator": "",
                                    "conn_link": "",
                                    "link_type": "text",
                                    "link_text": "",
                                    "link_field": "",
                                    "icon": {
                                        "icon": "",
                                        "align": "left"
                                    },
                                    "img_gallery": "",
                                    "width": {
                                        "type": "default",
                                        "units": "px",
                                        "amount": "50"
                                    },
                                    "align": "left",
                                    "rules": [],
                                    "field": {
                                        "key": "field_23"
                                    },
                                    "header": "Order ID",
                                    "type": "field"
                                },
                                {
                                    "grouping": false,
                                    "group_sort": "asc",
                                    "ignore_edit": false,
                                    "ignore_summary": false,
                                    "conn_separator": "",
                                    "conn_link": "",
                                    "link_type": "text",
                                    "link_text": "",
                                    "link_field": "",
                                    "icon": {
                                        "icon": "",
                                        "align": "left"
                                    },
                                    "img_gallery": "",
                                    "width": {
                                        "type": "default",
                                        "units": "px",
                                        "amount": "50"
                                    },
                                    "align": "left",
                                    "rules": [],
                                    "field": {
                                        "key": "field_24"
                                    },
                                    "header": "Status",
                                    "type": "field"
                                },
                                {
                                    "grouping": false,
                                    "group_sort": "asc",
                                    "ignore_edit": false,
                                    "ignore_summary": false,
                                    "conn_separator": "",
                                    "conn_link": "",
                                    "link_type": "text",
                                    "link_text": "",
                                    "link_field": "",
                                    "icon": {
                                        "icon": "",
                                        "align": "left"
                                    },
                                    "img_gallery": "",
                                    "width": {
                                        "type": "default",
                                        "units": "px",
                                        "amount": "50"
                                    },
                                    "align": "left",
                                    "rules": [],
                                    "field": {
                                        "key": "field_25"
                                    },
                                    "header": "Description",
                                    "type": "field"
                                },
                                {
                                    "grouping": false,
                                    "group_sort": "asc",
                                    "ignore_edit": false,
                                    "ignore_summary": false,
                                    "conn_separator": "",
                                    "conn_link": "",
                                    "link_type": "text",
                                    "link_text": "",
                                    "link_field": "",
                                    "icon": {
                                        "icon": "",
                                        "align": "left"
                                    },
                                    "img_gallery": "",
                                    "width": {
                                        "type": "default",
                                        "units": "px",
                                        "amount": "50"
                                    },
                                    "align": "left",
                                    "rules": [],
                                    "field": {
                                        "key": "field_26"
                                    },
                                    "header": "Total",
                                    "type": "field"
                                },
                                {
                                    "grouping": false,
                                    "group_sort": "asc",
                                    "ignore_edit": false,
                                    "ignore_summary": false,
                                    "conn_separator": "",
                                    "conn_link": "",
                                    "link_type": "text",
                                    "link_text": "",
                                    "link_field": "",
                                    "icon": {
                                        "icon": "",
                                        "align": "left"
                                    },
                                    "img_gallery": "",
                                    "width": {
                                        "type": "default",
                                        "units": "px",
                                        "amount": "50"
                                    },
                                    "align": "left",
                                    "rules": [],
                                    "field": {
                                        "key": "field_27"
                                    },
                                    "header": "Order Date",
                                    "type": "field"
                                },
                                {
                                    "grouping": false,
                                    "group_sort": "asc",
                                    "ignore_edit": false,
                                    "ignore_summary": false,
                                    "conn_separator": "",
                                    "conn_link": "",
                                    "link_type": "text",
                                    "link_text": "edit",
                                    "link_field": "",
                                    "icon": {
                                        "icon": "",
                                        "align": "left"
                                    },
                                    "img_gallery": "",
                                    "width": {
                                        "type": "default",
                                        "units": "px",
                                        "amount": "50"
                                    },
                                    "align": "left",
                                    "rules": [],
                                    "header": "Edit Order",
                                    "type": "link",
                                    "scene": "edit-order",
                                    "sortable": false
                                },
                                {
                                    "grouping": false,
                                    "group_sort": "asc",
                                    "ignore_edit": false,
                                    "ignore_summary": false,
                                    "conn_separator": "",
                                    "conn_link": "",
                                    "link_type": "text",
                                    "link_text": "view",
                                    "link_field": "",
                                    "icon": {
                                        "icon": "",
                                        "align": "left"
                                    },
                                    "img_gallery": "",
                                    "width": {
                                        "type": "default",
                                        "units": "px",
                                        "amount": "50"
                                    },
                                    "align": "left",
                                    "rules": [],
                                    "header": "Order Details",
                                    "type": "link",
                                    "scene": "order-details",
                                    "sortable": false
                                }
                            ],
                            "links": [],
                            "inputs": [],
                            "_id": "61e86a841137bc002545ff1d",
                            "groups": [],
                            "no_data_text": "No data",
                            "totals": [],
                            "preset_filters": [],
                            "name": "Orders",
                            "type": "table",
                            "source": {
                                "criteria": {
                                    "match": "all",
                                    "rules": [],
                                    "groups": []
                                },
                                "limit": null,
                                "sort": [
                                    {
                                        "field": "field_22",
                                        "order": "asc"
                                    }
                                ],
                                "object": "object_5"
                            },
                            "title": "Orders",
                            "description": "",
                            "rows_per_page": "25",
                            "keyword_search": true,
                            "allow_exporting": false,
                            "allow_preset_filters": false,
                            "filter_type": "fields",
                            "menu_filters": [],
                            "filter_fields": "view",
                            "key": "view_8"
                        }
                    ],
                    "key": "scene_7",
                    "slug": "orders"
                },
                {
                    "groups": [],
                    "_id": "61e86a841137bc002545ff1e",
                    "name": "Edit Order",
                    "object": "object_5",
                    "parent": "orders",
                    "views": [
                        {
                            "columns": [],
                            "links": [],
                            "inputs": [],
                            "_id": "61e86a841137bc002545ff1f",
                            "name": "Edit Order",
                            "type": "form",
                            "action": "update",
                            "source": {
                                "object": "object_5"
                            },
                            "title": "Edit Order",
                            "description": "",
                            "alert": "none",
                            "rules": {
                                "submits": [
                                    {
                                        "key": "submit_1",
                                        "action": "message",
                                        "message": "Form successfully submitted.",
                                        "reload_show": true,
                                        "is_default": true
                                    }
                                ]
                            },
                            "groups": [
                                {
                                    "columns": [
                                        {
                                            "inputs": [
                                                {
                                                    "field": {
                                                        "key": "field_22"
                                                    },
                                                    "label": "Orders Name",
                                                    "type": "text_field"
                                                },
                                                {
                                                    "field": {
                                                        "key": "field_24"
                                                    },
                                                    "label": "Status",
                                                    "type": "combo_box"
                                                },
                                                {
                                                    "field": {
                                                        "key": "field_25"
                                                    },
                                                    "label": "Description",
                                                    "type": "text_area"
                                                },
                                                {
                                                    "field": {
                                                        "key": "field_26"
                                                    },
                                                    "label": "Total",
                                                    "type": "text_field"
                                                },
                                                {
                                                    "field": {
                                                        "key": "field_27"
                                                    },
                                                    "label": "Order Date",
                                                    "type": "text_field"
                                                },
                                                {
                                                    "field": {
                                                        "key": "field_28"
                                                    },
                                                    "label": "Ship Date",
                                                    "type": "text_field"
                                                },
                                                {
                                                    "field": {
                                                        "key": "field_29"
                                                    },
                                                    "label": "Shipping Address",
                                                    "type": "text_area"
                                                }
                                            ]
                                        }
                                    ]
                                }
                            ],
                            "key": "view_9"
                        }
                    ],
                    "key": "scene_8",
                    "slug": "edit-order"
                },
                {
                    "groups": [],
                    "_id": "61e86a841137bc002545ff20",
                    "name": "Order Details",
                    "object": "object_5",
                    "parent": "orders",
                    "views": [
                        {
                            "columns": [
                                {
                                    "groups": [
                                        {
                                            "columns": [
                                                [
                                                    {
                                                        "key": "field_22",
                                                        "name": "Orders Name"
                                                    },
                                                    {
                                                        "key": "field_23",
                                                        "name": "Order ID"
                                                    },
                                                    {
                                                        "key": "field_24",
                                                        "name": "Status"
                                                    },
                                                    {
                                                        "key": "field_25",
                                                        "name": "Description"
                                                    },
                                                    {
                                                        "key": "field_26",
                                                        "name": "Total"
                                                    },
                                                    {
                                                        "key": "field_27",
                                                        "name": "Order Date"
                                                    },
                                                    {
                                                        "key": "field_28",
                                                        "name": "Ship Date"
                                                    }
                                                ]
                                            ]
                                        }
                                    ],
                                    "width": 100
                                }
                            ],
                            "links": [],
                            "inputs": [],
                            "_id": "61e86a841137bc002545ff21",
                            "name": "Order",
                            "type": "details",
                            "source": {
                                "object": "object_5"
                            },
                            "title": "Order Details",
                            "description": "",
                            "layout": "full",
                            "label_format": "left",
                            "key": "view_10"
                        }
                    ],
                    "key": "scene_9",
                    "slug": "order-details"
                }
            ]
        }
    ],
    "first_created": "2022-01-01T01:00:00.000Z",
    "account_id": "5eb08b3c32ceea001d8d36c9",
    "user_id": "5eb08b3c32ceea001d8d36c8"
}